{
  "services": [
    {"id":"musculacao","name":"Musculação","price":40,"icon":"fa-dumbbell"},
    {"id":"personal","name":"Personal Trainer","price":120,"icon":"fa-user-tie"},
    {"id":"yoga","name":"Aula de Yoga","price":30,"icon":"fa-person-running"},
    {"id":"avaliacao","name":"Avaliação Física","price":60,"icon":"fa-heart-pulse"}
  ],
  "combos": [
    {"id":"personal_avaliacao","name":"Personal + Avaliação","items":["personal","avaliacao"],"price":160},
    {"id":"muscu_yoga","name":"Musculação + Aula de Yoga","items":["musculacao","yoga"],"price":60}
  ],
  "appointments": [],
  "favTimes": [],
  "profile": {},
  "feedbacks": [],
  "promos": [{"id":"p1","title":"10% off na seg. feira"}]
}
